교통편,방문지정보및코스,맛집정보,숙박시설,쇼핑장소,무료와이파이,지역축제및행사정보,환전ATM정보,케이팝공연정보
52.35776569,47.31607994,46.79500637,35.41040091,33.94491534,12.24791263,9.569515284,8.67885655,8.015011055
